{"cameraMode":{"drawMode":0,"name":"Shaded","section":"Shading Mode"},"sceneLighting":true,"audioPlay":false,"sceneViewState":{"m_AlwaysRefresh":false,"showFog":true,"showSkybox":true,"showFlares":true,"showImageEffects":true,"showParticleSystems":true,"showVisualEffectGraphs":true,"m_FxEnabled":true},"in2DMode":false,"pivot":{"x":2.5895509719848635,"y":0.12548398971557618,"z":0.9201450347900391},"rotation":{"x":0.10894033312797547,"y":0.17998139560222627,"z":-0.020060468465089799,"w":0.9774103164672852},"size":5.206030368804932,"orthographic":false}