{"cameraMode":{"drawMode":0,"name":"Shaded","section":"Shading Mode"},"sceneLighting":true,"audioPlay":false,"sceneViewState":{"m_AlwaysRefresh":false,"showFog":true,"showSkybox":true,"showFlares":true,"showImageEffects":true,"showParticleSystems":true,"showVisualEffectGraphs":true,"m_FxEnabled":true},"in2DMode":false,"pivot":{"x":3.0704689025878908,"y":1.575838327407837,"z":0.40184783935546877},"rotation":{"x":-0.0927644744515419,"y":-0.04598570242524147,"z":0.00428713858127594,"w":-0.9945856332778931},"size":6.5231218338012699,"orthographic":false}