{"cameraMode":{"drawMode":0,"name":"Shaded","section":"Shading Mode"},"sceneLighting":true,"audioPlay":false,"sceneViewState":{"m_AlwaysRefresh":false,"showFog":true,"showSkybox":true,"showFlares":true,"showImageEffects":true,"showParticleSystems":true,"showVisualEffectGraphs":true,"m_FxEnabled":true},"in2DMode":false,"pivot":{"x":-8.344758987426758,"y":3.0080409049987795,"z":6.379604339599609},"rotation":{"x":-0.11223125457763672,"y":-0.022367067635059358,"z":0.0025332150980830194,"w":-0.9933823943138123},"size":19.337135314941408,"orthographic":false}