{"cameraMode":{"drawMode":0,"name":"Shaded","section":"Shading Mode"},"sceneLighting":true,"audioPlay":false,"sceneViewState":{"m_AlwaysRefresh":false,"showFog":true,"showSkybox":true,"showFlares":true,"showImageEffects":true,"showParticleSystems":true,"showVisualEffectGraphs":true,"m_FxEnabled":true},"in2DMode":false,"pivot":{"x":-1.7790656089782715,"y":1.7792730331420899,"z":1.0033233165740967},"rotation":{"x":0.034495070576667789,"y":-0.0027069118805229666,"z":0.00007946189725771546,"w":0.9993531107902527},"size":2.4018027782440187,"orthographic":false}