{"cameraMode":{"drawMode":0,"name":"Shaded","section":"Shading Mode"},"sceneLighting":true,"audioPlay":false,"sceneViewState":{"m_AlwaysRefresh":false,"showFog":true,"showSkybox":true,"showFlares":true,"showImageEffects":true,"showParticleSystems":true,"showVisualEffectGraphs":true,"m_FxEnabled":true},"in2DMode":false,"pivot":{"x":0.27256157994270327,"y":-1.4665966033935547,"z":6.471867561340332},"rotation":{"x":0.1745893508195877,"y":0.010931682772934437,"z":-0.0019379503792151809,"w":0.9845729470252991},"size":7.974006175994873,"orthographic":false}